hire_id,application_id,candidate_id,req_id,hired_at,start_date
H-smvga0kj,APP-1gafunh7,C-3fkeoub,REQ-b8jod5,2024-11-08T00:00:00,2024-11-16
H-gtz8d4u3,APP-nya55hjc,C-lw3jgeq,REQ-ptndbb,2025-09-17T00:00:00,2025-09-25
H-q0jyrwsg,APP-phnb5vng,C-bkv4yka,REQ-ukp581,2025-02-10T00:00:00,2025-03-09
H-2j4os296,APP-mzvttxo2,C-snffykp,REQ-p7rn3j,2025-01-07T00:00:00,2025-01-25
H-xyv6ds8x,APP-gztpzmns,C-hgp5cpa,REQ-z4gjhj,2024-10-12T00:00:00,2024-10-28
H-tg56qxm9,APP-jocvsgfg,C-zko0e49,REQ-7m5c6r,2024-04-14T00:00:00,2024-05-02
H-hd4d4279,APP-iou3wbvd,C-tg5pizx,REQ-pmyu2u,2025-05-20T00:00:00,2025-05-28
H-yh99ewoe,APP-3vbla91j,C-8uflv4b,REQ-amslsl,2025-10-22T00:00:00,2025-10-29
H-8ff9kuqb,APP-74ahjoys,C-y8av2os,REQ-jpvwp8,2024-05-11T00:00:00,2024-05-19
H-kl6r0u44,APP-6oormr9p,C-snffykp,REQ-2pajn3,2025-11-18T00:00:00,2025-12-17
H-n9ymbatk,APP-1dp6g73j,C-a86477t,REQ-0xh2me,2024-04-11T00:00:00,2024-05-15
H-b3nk40o5,APP-td2fqqi5,C-70s1f53,REQ-2pajn3,2025-08-07T00:00:00,2025-08-30
H-vqr30qbe,APP-70sdotai,C-c01arxa,REQ-93rc1y,2026-03-10T00:00:00,2026-04-06
H-8lqpaeo3,APP-do7yfkpi,C-x7ov6sg,REQ-i2afi4,2025-02-01T00:00:00,2025-03-13
H-9zxxfxjf,APP-i8fg7s1r,C-indh4sp,REQ-i2afi4,2024-08-27T00:00:00,2024-09-11
H-zbst4q0m,APP-65ju7yol,C-8rl5h3g,REQ-jqpxvl,2024-07-02T00:00:00,2024-07-25
H-ea0cqcfm,APP-g46u2slz,C-ljsi3ud,REQ-oqbt55,2025-05-21T00:00:00,2025-06-28
H-mprewh0c,APP-epjrf57c,C-m6dteca,REQ-fns88m,2025-10-12T00:00:00,2025-10-23
H-y9n7uvdk,APP-b0x2vvi7,C-qw7lvxw,REQ-m5p39v,2025-10-24T00:00:00,2025-11-13
H-6t5eol0e,APP-0tpgok6u,C-2c50b8y,REQ-jo2ilk,2024-07-02T00:00:00,2024-08-02
H-srri8u9r,APP-uxriow2p,C-bsss7kn,REQ-cem8ml,2025-06-01T00:00:00,2025-06-29
H-hclt2udn,APP-93aopvbw,C-vxh0ei9,REQ-ljrnic,2025-07-26T00:00:00,2025-08-06
H-7tfa9dl7,APP-nw2l4k0r,C-kl8cgn0,REQ-fym0tm,2025-06-12T00:00:00,2025-07-26
H-z5qqkxvl,APP-vj0i4rtq,C-a619q1j,REQ-tyfg2e,2024-05-26T00:00:00,2024-06-10
H-uotptwya,APP-lym7y6cl,C-iw6l01w,REQ-jo2ilk,2025-05-28T00:00:00,2025-07-04
H-s6kdl5gt,APP-n23kjdyv,C-nvqj4u4,REQ-uwr6v3,2025-07-11T00:00:00,2025-08-07
H-dylbdcuv,APP-nwytau73,C-jz5eicu,REQ-9qkjfp,2025-03-08T00:00:00,2025-04-19
H-9djrqwwr,APP-ht693i6h,C-8xtr5ig,REQ-ehho0a,2025-06-11T00:00:00,2025-06-18
H-xwe8en3x,APP-bmzdd2fj,C-jsxfoh9,REQ-rforgc,2024-06-24T00:00:00,2024-07-22
H-jttc0han,APP-0t273eql,C-7otb85v,REQ-tyfg2e,2025-10-13T00:00:00,2025-11-11
H-z86lmyxl,APP-j8takuxd,C-ru08l4p,REQ-ptndbb,2024-04-07T00:00:00,2024-05-06
H-7ojxwmae,APP-hbalhjhj,C-oqe09o8,REQ-ejms73,2025-03-05T00:00:00,2025-03-26
H-7ndhcq7q,APP-z8y23m9d,C-2j8z8do,REQ-g2k87b,2025-05-08T00:00:00,2025-05-15
H-0daonlgr,APP-1de1yu96,C-aqvkizz,REQ-at0a57,2025-06-21T00:00:00,2025-07-03
H-83urvyse,APP-ju6adqc5,C-eq6yf84,REQ-ugqv2x,2024-08-10T00:00:00,2024-09-20
H-x5xeixk9,APP-vfubo3v1,C-g1cj8pm,REQ-ffkk1m,2024-12-13T00:00:00,2025-01-05
H-9m766w3n,APP-vxhx4nwl,C-f2ev4ji,REQ-xr2cs1,2024-04-01T00:00:00,2024-04-30
H-qwqilgwj,APP-4mlvw8bo,C-m11r99a,REQ-b8jod5,2025-01-09T00:00:00,2025-02-04
H-pdccbmqk,APP-7gbuhzoc,C-hu97ng0,REQ-g5m61i,2025-02-21T00:00:00,2025-03-27
H-8tu7d5h7,APP-7ryc2te8,C-9fkxzuu,REQ-8bz53g,2025-06-26T00:00:00,2025-08-08
H-8zco7i4c,APP-wtosvi4d,C-f2dxr6c,REQ-236mkz,2025-11-20T00:00:00,2025-12-14
H-enh4edr8,APP-wumzt2eo,C-dgbk2l0,REQ-a7hawq,2024-03-07T00:00:00,2024-03-20
H-mcvsm0xz,APP-w4spi0vp,C-7viz75u,REQ-tqeaeq,2024-02-20T00:00:00,2024-03-17
H-ur7t3q0z,APP-wlok7gbu,C-jlailhh,REQ-bb6xzp,2024-08-06T00:00:00,2024-09-05
H-k97ylp06,APP-3opa59f9,C-noz7qmj,REQ-yiw59o,2024-04-04T00:00:00,2024-04-26
H-jlv4act3,APP-jlbfrjsj,C-io1k7f5,REQ-hnxiyy,2024-05-04T00:00:00,2024-05-23
H-evqzquww,APP-dkqbo8pn,C-amdvlnk,REQ-cem8ml,2024-12-28T00:00:00,2025-01-31
H-zrgmds6y,APP-tl48ornr,C-69hzgop,REQ-gn1f32,2026-01-24T00:00:00,2026-02-06
H-f33swen1,APP-8rnmbb3r,C-6ha3vmo,REQ-ehho0a,2025-09-14T00:00:00,2025-10-05
H-bewjegma,APP-o0en9uu2,C-boqcpl7,REQ-6umh4g,2024-06-13T00:00:00,2024-07-12
H-4kf4agri,APP-tynu5q1o,C-z322kai,REQ-9fyy9v,2025-08-07T00:00:00,2025-09-05
H-3woje6wz,APP-rsufv3dz,C-mnj8pl3,REQ-e4of63,2025-02-17T00:00:00,2025-03-26
H-0bwgpuw5,APP-avmc0kjy,C-q1cgedb,REQ-etyr9x,2025-02-19T00:00:00,2025-03-02
H-z95ybot7,APP-snpfc5a2,C-i3wdnmv,REQ-0xh2me,2025-12-08T00:00:00,2026-01-10
H-8y8imspj,APP-xdi0qiv5,C-1aatn20,REQ-6x8w1q,2025-05-28T00:00:00,2025-06-13
H-cdjumzi2,APP-bzwu5cbj,C-nsxof6t,REQ-0dbnsg,2024-03-03T00:00:00,2024-03-16
H-rbrl7hzz,APP-8xgbde6t,C-100vhmy,REQ-6x8w1q,2024-05-16T00:00:00,2024-06-23
H-k1bhnipp,APP-oy77g620,C-dh0uyhn,REQ-8qde12,2025-04-20T00:00:00,2025-05-19
H-zxua0y7i,APP-dtoohuai,C-1loqsot,REQ-aq3h8x,2025-03-07T00:00:00,2025-03-22
H-6yc3dn4k,APP-faqnc442,C-59pgn3s,REQ-aq3h8x,2026-03-16T00:00:00,2026-04-20
H-mxll5qrx,APP-0gpw2po6,C-j7ktspy,REQ-d6kyb2,2025-03-11T00:00:00,2025-04-13
H-4tk1qybq,APP-jy908qdw,C-84jc755,REQ-036i6q,2025-05-03T00:00:00,2025-06-16
H-i6wp6jy4,APP-8u3j16c7,C-itj5zoo,REQ-y2v58f,2024-11-08T00:00:00,2024-12-05
H-yj2yaqj7,APP-3qftq973,C-t07x5ic,REQ-d6kyb2,2025-08-07T00:00:00,2025-08-19
H-l2fg06x2,APP-xhba14ca,C-337az2b,REQ-doxm7z,2025-10-28T00:00:00,2025-11-29
H-mfux6mzp,APP-1ys813h8,C-dcli697,REQ-fpvu2l,2025-10-04T00:00:00,2025-10-30
H-q5gzjpa0,APP-rp26gfqt,C-9wdjsgg,REQ-0igbv7,2025-02-07T00:00:00,2025-02-28
H-4uegbzsm,APP-hzlqeiro,C-tl9jnts,REQ-e4of63,2024-09-27T00:00:00,2024-11-10
H-d6he8fxz,APP-bknkv25u,C-fans5sr,REQ-rforgc,2025-06-19T00:00:00,2025-07-15
H-u5jdq8wq,APP-tnhdaugm,C-a3x8ouz,REQ-r1cgwj,2024-06-01T00:00:00,2024-06-22
H-3mrwsyes,APP-cztqo9i0,C-gfjmhdn,REQ-v2o2qs,2026-02-08T00:00:00,2026-03-15
H-blzs4wba,APP-wod6fqbk,C-dgkrjwt,REQ-pr4tw5,2025-07-14T00:00:00,2025-07-26
H-vrfj70vn,APP-m3uxpaen,C-an0jbzu,REQ-23rb1w,2025-07-26T00:00:00,2025-08-17
H-pd0qwz31,APP-igpd98go,C-c7qk4k6,REQ-dz93i3,2025-01-03T00:00:00,2025-01-10
H-26w1xnyt,APP-vk9zw560,C-3dc0vsv,REQ-hh3tt2,2025-10-01T00:00:00,2025-10-13
H-3qqcxszs,APP-l9xg28md,C-rhhkycq,REQ-x8y4t7,2024-05-01T00:00:00,2024-05-23
H-tt72fe05,APP-0sc7sv71,C-hqin9n6,REQ-46derg,2025-04-26T00:00:00,2025-06-04
H-xqijao7a,APP-opw7a1gq,C-b700ucr,REQ-i37y3d,2025-03-25T00:00:00,2025-04-07
H-vrw0pfur,APP-zzspa57i,C-qh7ppca,REQ-bb3l5z,2026-03-12T00:00:00,2026-03-28
H-0gviwjsj,APP-s4zbafk1,C-a83ru7m,REQ-1yxi1q,2024-03-19T00:00:00,2024-04-02
H-mql4u7vw,APP-bv6i2x4o,C-fe0x7h2,REQ-v2o2qs,2024-11-05T00:00:00,2024-12-02
H-hlka1in9,APP-5sb65mzc,C-saldnj7,REQ-k922ln,2025-05-08T00:00:00,2025-06-09
H-e1u000px,APP-gucf1ek6,C-m2q22yo,REQ-krqwb9,2024-11-20T00:00:00,2025-01-02
H-c75ujz6y,APP-w63x5grn,C-xp323c9,REQ-yiw59o,2024-09-08T00:00:00,2024-10-02
H-aigoau0n,APP-33hkw1wl,C-bzopso6,REQ-0xh2me,2025-09-15T00:00:00,2025-09-25
H-pzhapan3,APP-tt4mykkw,C-jwh55he,REQ-h2v9ms,2024-06-28T00:00:00,2024-07-24
H-6eqve2wm,APP-rrll5tdx,C-vlqu017,REQ-krqwb9,2025-11-08T00:00:00,2025-12-03
H-asgdv2kf,APP-t1q2sl0l,C-gaybfjh,REQ-2gwlj6,2024-04-26T00:00:00,2024-06-04
H-z8x0ityd,APP-mqz300wz,C-x8ae0jx,REQ-0py9b7,2024-07-27T00:00:00,2024-08-25
H-yab2ejki,APP-vm9r66eb,C-hsltdkv,REQ-pviddy,2024-03-19T00:00:00,2024-04-03
H-aaa2y23u,APP-80ocgn7d,C-xlaxhno,REQ-rr7fie,2024-03-12T00:00:00,2024-04-25
H-e3io44zy,APP-322xwdb0,C-2rrtxvf,REQ-1yxi1q,2025-10-25T00:00:00,2025-11-18
H-cdif0wiu,APP-ia2qnjxj,C-99zzcra,REQ-j74q7s,2024-02-27T00:00:00,2024-03-06
H-zeyrv8ye,APP-s3m0jg4q,C-u4ytn02,REQ-8sdqw5,2024-07-09T00:00:00,2024-08-01
H-dxa05bm2,APP-nza4yd2l,C-almjegq,REQ-ydjixl,2024-10-04T00:00:00,2024-10-26
H-kk5qvay8,APP-zsu212yk,C-4xyjoa2,REQ-66fb81,2024-03-07T00:00:00,2024-04-06
H-1pfxyrwc,APP-ht47e3b4,C-fwuxx8l,REQ-236mkz,2024-10-28T00:00:00,2024-12-04
H-z2undk8l,APP-yv8b80c3,C-ycelos6,REQ-e5jq4j,2025-07-14T00:00:00,2025-07-21
H-g6ulwjh8,APP-r26uu6df,C-o4gkwwj,REQ-slqbw6,2026-03-06T00:00:00,2026-04-09
H-dp0iossd,APP-ni7rwwrj,C-jrhe45j,REQ-joj7lz,2024-04-13T00:00:00,2024-05-22
H-c9ezizo0,APP-6gpe34jl,C-as1ssrk,REQ-ejms73,2025-12-01T00:00:00,2026-01-13
H-8e0jsv8t,APP-ncibsxim,C-oldxb7g,REQ-8zitzh,2025-09-22T00:00:00,2025-10-02
H-np416gy4,APP-osu78v59,C-b7p0rnp,REQ-x8y4t7,2025-12-09T00:00:00,2025-12-16
H-j4ugvv9d,APP-fdepcvs4,C-urbjsad,REQ-p7rn3j,2025-10-21T00:00:00,2025-11-29
H-o596a42s,APP-d66dexif,C-reasfen,REQ-ugqv2x,2026-03-12T00:00:00,2026-03-28
H-pc58hyo0,APP-h7uybm2d,C-rh7cjje,REQ-5t27fz,2025-12-28T00:00:00,2026-01-06
H-lt1sduzi,APP-bndsl3be,C-vsyjafc,REQ-w8do3p,2024-06-12T00:00:00,2024-07-25
H-qg2ptjyy,APP-zda9qlhx,C-xujjcse,REQ-7jjfum,2025-05-22T00:00:00,2025-06-18
H-3d2b6e4d,APP-ak43mu2k,C-ohc7tbh,REQ-esne8q,2024-11-21T00:00:00,2024-12-06
H-wrgiu14i,APP-yhyw3nrq,C-m5loipz,REQ-736mv3,2024-07-26T00:00:00,2024-08-25
H-4q8form7,APP-gbsvo9k3,C-p0kzupn,REQ-helh91,2024-02-26T00:00:00,2024-03-11
H-ia8y4589,APP-h6ip6c9n,C-rp7b4hj,REQ-6ljxe6,2024-06-21T00:00:00,2024-07-21
H-d1hqex6d,APP-cpwl6bmb,C-xxk509y,REQ-pmyu2u,2024-10-25T00:00:00,2024-11-24
H-kawtmozo,APP-kl1jovog,C-tblbhk1,REQ-tqeaeq,2025-02-11T00:00:00,2025-02-27
H-bb62hvia,APP-45mptbgz,C-yn2w8g4,REQ-g5m61i,2026-01-25T00:00:00,2026-03-07
H-32dzdrs4,APP-363ey89z,C-ydc14zs,REQ-g5m61i,2025-07-29T00:00:00,2025-08-08
H-2plx15gb,APP-iff6wh8x,C-f86hogd,REQ-6ljxe6,2025-11-15T00:00:00,2025-11-30
H-ecud50st,APP-5gon7rfv,C-g698s4c,REQ-7ly6yv,2024-10-13T00:00:00,2024-10-30
H-npsaxiim,APP-gb4f0gjh,C-xyk2e58,REQ-ljrnic,2025-05-22T00:00:00,2025-06-10
H-ev9weml8,APP-uabd645g,C-oj3e0qq,REQ-2gk9jy,2025-08-25T00:00:00,2025-09-27
H-wi06wc3u,APP-m4ofwz8j,C-hugxns8,REQ-pr4tw5,2024-10-02T00:00:00,2024-11-07
H-b03kazhe,APP-mx74xutz,C-xafsumu,REQ-mnimch,2025-07-05T00:00:00,2025-07-23
H-8s7s4npl,APP-47do27q8,C-kv62zll,REQ-6umh4g,2024-07-17T00:00:00,2024-08-11
H-zyuvwg2o,APP-3qnxzqfs,C-hpzuyr7,REQ-x8xijp,2024-07-08T00:00:00,2024-07-18
H-sdpiyjgz,APP-6f70rtcv,C-4znzze2,REQ-p12uj3,2024-09-18T00:00:00,2024-10-28
H-xtacyd4d,APP-ddhkwlnj,C-fextb7f,REQ-v23u65,2025-04-29T00:00:00,2025-05-28
H-snbfdsaz,APP-v82vsnor,C-jzwlsd4,REQ-mnimch,2024-09-10T00:00:00,2024-10-12
H-mk843hkh,APP-wi005wdn,C-6m79fmw,REQ-6umh4g,2024-05-02T00:00:00,2024-05-15
H-st96belq,APP-erkfcmdz,C-hkshrdg,REQ-helh91,2024-07-20T00:00:00,2024-08-13
H-ae449ij1,APP-fpviavbg,C-ugpkakr,REQ-x8xijp,2025-06-03T00:00:00,2025-06-13
H-n8an9a48,APP-tqcf8ytj,C-t994pn8,REQ-jo2ilk,2025-01-28T00:00:00,2025-02-11
H-yiqzt8xk,APP-p4lsvshv,C-6a3kl0n,REQ-wgcuu5,2025-06-11T00:00:00,2025-07-09
H-bmakf88m,APP-qoqr7gys,C-28ditmo,REQ-k922ln,2026-01-01T00:00:00,2026-02-02
H-9g32cxuv,APP-xnbywpez,C-0ic0ra6,REQ-cem8ml,2025-07-12T00:00:00,2025-07-31
H-5200g0pr,APP-hcpwy1eq,C-6ynii88,REQ-rforgc,2025-09-20T00:00:00,2025-10-13
H-0siq249b,APP-c239q45i,C-15zg80z,REQ-9bmay7,2026-01-04T00:00:00,2026-02-15
H-jtqj9yuo,APP-6aiwxest,C-wj8suwu,REQ-p7rn3j,2024-02-19T00:00:00,2024-03-11
H-de4lposg,APP-jnrjs556,C-sywp0rx,REQ-kbutzi,2025-08-31T00:00:00,2025-09-24
H-r8if1jm7,APP-enhswdf5,C-3o0llj8,REQ-dmcs6m,2025-02-10T00:00:00,2025-03-15
H-yz48doa4,APP-25f1yupm,C-ixrh6kr,REQ-g2k87b,2024-08-20T00:00:00,2024-09-01
H-pzawev44,APP-ls4iinis,C-472j8np,REQ-p075hr,2025-01-31T00:00:00,2025-03-12
H-jt6694ye,APP-fpdbx52n,C-wyh36mo,REQ-adbs9c,2025-09-26T00:00:00,2025-10-07
H-xhlhm9um,APP-s8e4p6ih,C-wo8nbhn,REQ-h2v9ms,2025-11-30T00:00:00,2025-12-18
H-ugmgiq4y,APP-rcph399i,C-uak3j16,REQ-ejms73,2025-05-26T00:00:00,2025-06-30
H-h5m9ewxy,APP-92nu5vt8,C-7rv2y7c,REQ-dmcs6m,2025-09-24T00:00:00,2025-11-06
H-d5vpjw07,APP-1oxm49rx,C-27dcbhh,REQ-ug5l0m,2025-06-04T00:00:00,2025-06-22
H-pkgo6peq,APP-0t5tk2yn,C-hu97ng0,REQ-dmcs6m,2026-03-10T00:00:00,2026-04-10
H-hyfjrxhk,APP-77nqlops,C-j0kzqvs,REQ-vvt2is,2025-08-17T00:00:00,2025-09-26
H-gwwtat7c,APP-qb6j9me1,C-sgohksv,REQ-x8xijp,2024-12-19T00:00:00,2025-01-05
H-mtyvi01m,APP-opto9nxx,C-2o8zi9v,REQ-i47kah,2025-02-17T00:00:00,2025-03-18
H-0nb9u8qr,APP-l7v2iq3a,C-b1mvhmn,REQ-m24bih,2025-12-28T00:00:00,2026-01-27
H-qaxlbdrc,APP-ndbtesg1,C-hfe5wmd,REQ-adgs5h,2024-05-17T00:00:00,2024-06-10
H-3udfudc1,APP-ieo7d8wk,C-r94sz2k,REQ-8bz53g,2025-05-31T00:00:00,2025-06-16
H-dbnpsgjm,APP-a9z1xed6,C-ttqlgzu,REQ-at0a57,2024-08-05T00:00:00,2024-08-16
H-o1t81h8i,APP-xm9kpj58,C-a5vixr4,REQ-g2k87b,2024-11-06T00:00:00,2024-12-13
H-f2biunia,APP-0di3if9f,C-zpzjho4,REQ-hnxiyy,2025-01-27T00:00:00,2025-02-27
H-7xfgcl0c,APP-esr14grh,C-wpaytxw,REQ-0dbnsg,2025-09-26T00:00:00,2025-10-19
H-t322gekh,APP-qjno8tnv,C-hjo5ctz,REQ-7ly6yv,2025-01-31T00:00:00,2025-03-06
H-3yxqcd53,APP-evkencpo,C-amisu1o,REQ-ljrnic,2025-02-21T00:00:00,2025-02-28
H-vm54tybq,APP-oy5d5qn0,C-4b70ldo,REQ-z573vf,2024-11-10T00:00:00,2024-11-18
H-ga1j6imi,APP-e98lfbva,C-rsrla8s,REQ-0igbv7,2024-03-07T00:00:00,2024-03-15
H-8n8jl4ib,APP-g45aucao,C-myr06nk,REQ-7381on,2025-09-21T00:00:00,2025-10-24
H-d34jm2az,APP-sx0913re,C-gm5hn1d,REQ-fns88m,2025-08-20T00:00:00,2025-09-03
H-zjfxk87e,APP-sd2nk6t2,C-9i8kcmm,REQ-230jns,2025-01-14T00:00:00,2025-02-16
H-ao3tm78v,APP-3skwof2s,C-trc85eh,REQ-dpyta7,2026-02-27T00:00:00,2026-04-11
H-589pggjy,APP-nlctouy4,C-5yyexhp,REQ-glrhhk,2025-03-11T00:00:00,2025-04-03
H-lwersrp9,APP-xtlx06y9,C-5038hvq,REQ-2gk9jy,2024-05-25T00:00:00,2024-06-04
H-gljvc1e7,APP-sf64adk2,C-rwb2ser,REQ-6ljxe6,2026-02-15T00:00:00,2026-03-31
H-4m89pv89,APP-77sxgv81,C-t2md8w1,REQ-yyzu05,2025-04-30T00:00:00,2025-06-06
H-jzw0h3bf,APP-c923lurz,C-963zs76,REQ-dv8i96,2025-03-27T00:00:00,2025-04-07
H-wqa2mopa,APP-ictbusar,C-usjxbcw,REQ-xr2cs1,2024-12-30T00:00:00,2025-01-30
H-5h776yl3,APP-ln7xhguo,C-xzvo527,REQ-mdcv7a,2025-02-03T00:00:00,2025-03-09
H-7zy75yyu,APP-51m922rf,C-wetowtk,REQ-230jns,2025-05-08T00:00:00,2025-06-02
H-l06i3x59,APP-akk70oz3,C-m6s0ziu,REQ-57ote0,2025-08-25T00:00:00,2025-10-07
H-x4ibllnp,APP-dhadeqvz,C-2j7q4kf,REQ-h5u3vv,2024-03-01T00:00:00,2024-03-30
H-a7eqmtmd,APP-98melqzt,C-0amts7y,REQ-nlupya,2025-04-27T00:00:00,2025-06-08
H-ygh15bp9,APP-1nmt3zww,C-yzr6qce,REQ-fns88m,2025-11-29T00:00:00,2025-12-18
H-rmd0hgps,APP-2as894f7,C-cozroou,REQ-dmcs6m,2025-05-11T00:00:00,2025-06-03
H-wamy8ben,APP-n2er2fcu,C-mcmh7lm,REQ-x8xijp,2026-02-12T00:00:00,2026-03-20
H-9yga23a5,APP-mmoj0pne,C-xunhu25,REQ-xntjw3,2024-09-20T00:00:00,2024-10-19
H-kpfag64v,APP-ki0b5dja,C-we1ga6s,REQ-zacfax,2024-10-09T00:00:00,2024-10-18
H-tplysdfm,APP-3v0jbukx,C-vqr2c23,REQ-wxqwlq,2025-03-28T00:00:00,2025-04-16
H-ni85x1n8,APP-wt0nemlj,C-2c4xn98,REQ-w8do3p,2025-09-04T00:00:00,2025-10-12
H-qnvvr5xg,APP-ppvqly3i,C-cdyk0x6,REQ-dcgv7m,2025-07-06T00:00:00,2025-08-16
H-nltq7cro,APP-0ljd9jsf,C-xylnfxj,REQ-8ta15f,2025-05-09T00:00:00,2025-05-17
H-4zzlxnhh,APP-cdsm1o69,C-o4gkwwj,REQ-8sdqw5,2024-07-19T00:00:00,2024-07-28
H-stgubisi,APP-c4hwtgq0,C-h1i8yat,REQ-5t27fz,2025-04-26T00:00:00,2025-05-31
H-uj29fynl,APP-8tise0lz,C-p25m9fe,REQ-9bmay7,2025-06-04T00:00:00,2025-06-20
H-u40ag4ww,APP-n3hk2zhd,C-xkdotrb,REQ-s4xrql,2024-07-11T00:00:00,2024-08-06
H-ntra8mb1,APP-n7pt0itj,C-a86477t,REQ-adgs5h,2025-01-14T00:00:00,2025-02-23
H-37s81ijz,APP-za54jvr7,C-l2moxq9,REQ-v23u65,2025-02-18T00:00:00,2025-03-11
H-kskhrst8,APP-h3qdyy9d,C-taofzd6,REQ-qthrgu,2024-04-05T00:00:00,2024-04-12
H-855gttfa,APP-q0rdbjm9,C-cpwrutv,REQ-0xh2me,2025-09-01T00:00:00,2025-10-03
H-fthjstzn,APP-28pug8lv,C-h105osz,REQ-unzu6o,2024-09-03T00:00:00,2024-10-11
H-zxr0muny,APP-ojbmzcts,C-0jv1v93,REQ-kbr9fy,2025-05-27T00:00:00,2025-06-04
H-a1gotlph,APP-z5pkf8v8,C-t6trouw,REQ-z4gjhj,2024-06-10T00:00:00,2024-07-18
H-tjsvbpg5,APP-nfmvp9gw,C-q2dxx60,REQ-ljrnic,2025-03-10T00:00:00,2025-04-14
H-ude8fy9g,APP-daubd4yx,C-9enulqj,REQ-9fyy9v,2024-08-09T00:00:00,2024-09-04
H-xh959kw9,APP-6vhx0l7r,C-6bp6ojc,REQ-57cnkw,2026-01-12T00:00:00,2026-02-10
H-7kgqr8uh,APP-gs5zp4g5,C-bos0765,REQ-m5p39v,2024-11-09T00:00:00,2024-11-27
H-jymz1wpo,APP-3xvc1jus,C-aq93fa2,REQ-20c5rl,2026-02-05T00:00:00,2026-02-21
H-b39ribip,APP-bqqxt9hy,C-wpaytxw,REQ-adbs9c,2025-08-14T00:00:00,2025-09-08
H-l226vvk0,APP-a3ugs2bt,C-1wcgv6l,REQ-yyzu05,2025-10-11T00:00:00,2025-10-27
H-2k7axnu1,APP-i07o8w9h,C-8rl5h3g,REQ-jzae55,2024-04-21T00:00:00,2024-05-16
H-2bkr7xno,APP-muqxln1n,C-wxub0gz,REQ-f8m72z,2024-06-07T00:00:00,2024-07-09
H-htznq15q,APP-9ny3ya71,C-uebhk0o,REQ-20c5rl,2024-06-27T00:00:00,2024-07-27
H-ug3fxchi,APP-jhvekmze,C-5hsts68,REQ-pr4tw5,2025-01-28T00:00:00,2025-02-12
H-dvg776pu,APP-qsg7y02j,C-anaabk9,REQ-20c5rl,2026-01-26T00:00:00,2026-03-02
H-mgxxzdgg,APP-5z0vqoxi,C-ipi7866,REQ-fns88m,2025-08-30T00:00:00,2025-10-04
H-vvswq520,APP-vn2t2vcd,C-d4r9v4k,REQ-38m7d5,2024-06-28T00:00:00,2024-08-10
